waypoint1	waypoint2	distance_m	duration_s
43.656493,-79.37716	43.655357,-79.373935	406	102
43.656493,-79.37716	43.661357,-79.382432	880	236
43.661357,-79.382432	43.655357,-79.373935	1281	326